{"w": [0.0, 0.4116334912201066, -0.6632169708576905, 0.6993294416812948, 0.35456642049958614, 0.530155941787583, 0.42093031960790617, -0.2810578687339271, 1.2703124824221006, 0.29227339117451157, 0.9281174814394879, 0.9011865909720282, 0.24450179013075715], "b": 0.9839182517326411, "mu": [1.0, 0.9473684210526315, 0.8289473684210527, 0.34210526315789475, 0.15789473684210525, 0.7631578947368421, 2.782747368421053, 3.767978947368421, 67.09210526315789, 0.9987368421052631, 0.3684210526315789, 3.1781842105263163, 0.7105263157894737], "sd": [1e-09, 0.22329687926943612, 0.3765549489277416, 0.4744146425084196, 0.3646422762776588, 0.4251445910369344, 0.37819912617422424, 9.74624384023198, 73.01769389695686, 0.010939269258329755, 0.48237638994271975, 1.0521986228156213, 0.4535181046740551], "dim": 13}