{"w": [0.0, 0.4101651938337521, -0.5777361503119528, 0.8442449885578455, 0.46719689474623155, 0.38187028033213305, 0.07958138461316114, -0.16919130012482156, 1.4721347533274698, 0.0, 0.6597607705428965, 0.9655267090495367, 0.20981916912854176], "b": 0.6568513554878581, "mu": [1.0, 0.948051948051948, 0.8831168831168831, 0.4155844155844156, 0.15584415584415584, 0.7922077922077922, 2.7956038961038967, 3.7000051948051946, 67.59740259740259, 1.0, 0.2987012987012987, 3.1727922077922077, 0.7142857142857143], "sd": [1e-09, 0.22192217620305285, 0.32128095884033736, 0.49282249349377333, 0.36270753460438815, 0.40572725689125455, 0.3651699847032165, 9.689756488469978, 72.05846467320792, 1e-09, 0.45768857727808077, 1.0342112424237884, 0.45175395245262534], "dim": 13}